plate,well,row_letter,col_number,rep,day,inoc,salt,temp,diversity_metric,div_value
P15,B1,B,1,R1,D7,ica,46%,roomT,Observed,42
P15,B1,B,1,R1,D7,ica,46%,roomT,Shannon,1.0587282535847626
P15,B10,B,10,R1,D7,fucus,46%,roomT,Observed,50
P15,B10,B,10,R1,D7,fucus,46%,roomT,Shannon,1.2146872357548724
P15,B11,B,11,R2,D7,fucus,46%,roomT,Observed,55
P15,B11,B,11,R2,D7,fucus,46%,roomT,Shannon,1.693256531084989
P15,B12,B,12,R3,D7,fucus,46%,roomT,Observed,43
P15,B12,B,12,R3,D7,fucus,46%,roomT,Shannon,0.9303987616310411
P15,B2,B,2,R2,D7,ica,46%,roomT,Observed,39
P15,B2,B,2,R2,D7,ica,46%,roomT,Shannon,1.219958903574823
P15,B3,B,3,R3,D7,ica,46%,roomT,Observed,48
P15,B3,B,3,R3,D7,ica,46%,roomT,Shannon,1.400138683891105
P15,B4,B,4,R1,D7,nahant,46%,roomT,Observed,45
P15,B4,B,4,R1,D7,nahant,46%,roomT,Shannon,0.8084548134580677
P15,B5,B,5,R2,D7,nahant,46%,roomT,Observed,48
P15,B5,B,5,R2,D7,nahant,46%,roomT,Shannon,0.9177926481897878
P15,B6,B,6,R3,D7,nahant,46%,roomT,Observed,49
P15,B6,B,6,R3,D7,nahant,46%,roomT,Shannon,0.4079238014137977
P15,B7,B,7,R1,D7,charles,46%,roomT,Observed,79
P15,B7,B,7,R1,D7,charles,46%,roomT,Shannon,1.6806149502701315
P15,B8,B,8,R2,D7,charles,46%,roomT,Observed,88
P15,B8,B,8,R2,D7,charles,46%,roomT,Shannon,1.7804414561016773
P15,B9,B,9,R3,D7,charles,46%,roomT,Observed,74
P15,B9,B,9,R3,D7,charles,46%,roomT,Shannon,2.372150257422479
P15,C1,C,1,R1,D7,ica,31%,roomT,Observed,51
P15,C1,C,1,R1,D7,ica,31%,roomT,Shannon,1.6246284517584697
P15,C10,C,10,R1,D7,fucus,31%,roomT,Observed,58
P15,C10,C,10,R1,D7,fucus,31%,roomT,Shannon,1.6704026991373724
P15,C11,C,11,R2,D7,fucus,31%,roomT,Observed,51
P15,C11,C,11,R2,D7,fucus,31%,roomT,Shannon,1.9746625574543535
P15,C12,C,12,R3,D7,fucus,31%,roomT,Observed,49
P15,C12,C,12,R3,D7,fucus,31%,roomT,Shannon,0.9965697970094566
P15,C2,C,2,R2,D7,ica,31%,roomT,Observed,41
P15,C2,C,2,R2,D7,ica,31%,roomT,Shannon,0.8644484918708927
P15,C3,C,3,R3,D7,ica,31%,roomT,Observed,49
P15,C3,C,3,R3,D7,ica,31%,roomT,Shannon,1.649076060923661
P15,C4,C,4,R1,D7,nahant,31%,roomT,Observed,37
P15,C4,C,4,R1,D7,nahant,31%,roomT,Shannon,0.9541875515857686
P15,C5,C,5,R2,D7,nahant,31%,roomT,Observed,41
P15,C5,C,5,R2,D7,nahant,31%,roomT,Shannon,0.963056192697944
P15,C6,C,6,R3,D7,nahant,31%,roomT,Observed,41
P15,C6,C,6,R3,D7,nahant,31%,roomT,Shannon,0.8980548795376947
P15,C7,C,7,R1,D7,charles,31%,roomT,Observed,78
P15,C7,C,7,R1,D7,charles,31%,roomT,Shannon,1.3551033999949404
P15,C8,C,8,R2,D7,charles,31%,roomT,Observed,76
P15,C8,C,8,R2,D7,charles,31%,roomT,Shannon,1.8015480223937446
P15,C9,C,9,R3,D7,charles,31%,roomT,Observed,73
P15,C9,C,9,R3,D7,charles,31%,roomT,Shannon,1.4123170995183858
P15,D1,D,1,R1,D7,ica,16%,roomT,Observed,66
P15,D1,D,1,R1,D7,ica,16%,roomT,Shannon,1.9900891006223504
P15,D10,D,10,R1,D7,fucus,16%,roomT,Observed,74
P15,D10,D,10,R1,D7,fucus,16%,roomT,Shannon,2.0329424568361936
P15,D11,D,11,R2,D7,fucus,16%,roomT,Observed,73
P15,D11,D,11,R2,D7,fucus,16%,roomT,Shannon,2.2817569777034503
P15,D12,D,12,R3,D7,fucus,16%,roomT,Observed,74
P15,D12,D,12,R3,D7,fucus,16%,roomT,Shannon,1.9760885376863426
P15,D2,D,2,R2,D7,ica,16%,roomT,Observed,66
P15,D2,D,2,R2,D7,ica,16%,roomT,Shannon,1.447195554198367
P15,D3,D,3,R3,D7,ica,16%,roomT,Observed,62
P15,D3,D,3,R3,D7,ica,16%,roomT,Shannon,0.9216557593552285
P15,D4,D,4,R1,D7,nahant,16%,roomT,Observed,64
P15,D4,D,4,R1,D7,nahant,16%,roomT,Shannon,1.192711203365683
P15,D5,D,5,R2,D7,nahant,16%,roomT,Observed,78
P15,D5,D,5,R2,D7,nahant,16%,roomT,Shannon,1.4113800660720577
P15,D6,D,6,R3,D7,nahant,16%,roomT,Observed,61
P15,D6,D,6,R3,D7,nahant,16%,roomT,Shannon,0.9002614664567823
P15,D7,D,7,R1,D7,charles,16%,roomT,Observed,84
P15,D7,D,7,R1,D7,charles,16%,roomT,Shannon,1.6635989182283377
P15,D8,D,8,R2,D7,charles,16%,roomT,Observed,90
P15,D8,D,8,R2,D7,charles,16%,roomT,Shannon,2.5665703087843994
P15,D9,D,9,R3,D7,charles,16%,roomT,Observed,84
P15,D9,D,9,R3,D7,charles,16%,roomT,Shannon,2.227494212184825
P15,E1,E,1,R1,D6,ica,46%,roomT,Observed,50
P15,E1,E,1,R1,D6,ica,46%,roomT,Shannon,1.442711570753291
P15,E10,E,10,R1,D6,fucus,46%,roomT,Observed,57
P15,E10,E,10,R1,D6,fucus,46%,roomT,Shannon,1.6573145929370665
P15,E11,E,11,R2,D6,fucus,46%,roomT,Observed,56
P15,E11,E,11,R2,D6,fucus,46%,roomT,Shannon,1.789032437737674
P15,E12,E,12,R3,D6,fucus,46%,roomT,Observed,36
P15,E12,E,12,R3,D6,fucus,46%,roomT,Shannon,1.2626791867998897
P15,E2,E,2,R2,D6,ica,46%,roomT,Observed,51
P15,E2,E,2,R2,D6,ica,46%,roomT,Shannon,1.7329205706609752
P15,E3,E,3,R3,D6,ica,46%,roomT,Observed,41
P15,E3,E,3,R3,D6,ica,46%,roomT,Shannon,1.4949338219369959
P15,E4,E,4,R1,D6,nahant,46%,roomT,Observed,47
P15,E4,E,4,R1,D6,nahant,46%,roomT,Shannon,1.1880329639520733
P15,E5,E,5,R2,D6,nahant,46%,roomT,Observed,57
P15,E5,E,5,R2,D6,nahant,46%,roomT,Shannon,1.6283708135956358
P15,E6,E,6,R3,D6,nahant,46%,roomT,Observed,56
P15,E6,E,6,R3,D6,nahant,46%,roomT,Shannon,0.8870149724322076
P15,E7,E,7,R1,D6,charles,46%,roomT,Observed,50
P15,E7,E,7,R1,D6,charles,46%,roomT,Shannon,1.1518000121510288
P15,E8,E,8,R2,D6,charles,46%,roomT,Observed,60
P15,E8,E,8,R2,D6,charles,46%,roomT,Shannon,1.5133902076702863
P15,E9,E,9,R3,D6,charles,46%,roomT,Observed,64
P15,E9,E,9,R3,D6,charles,46%,roomT,Shannon,2.1501225569132525
P15,F1,F,1,R1,D6,ica,31%,roomT,Observed,63
P15,F1,F,1,R1,D6,ica,31%,roomT,Shannon,2.118439273049451
P15,F10,F,10,R1,D6,fucus,31%,roomT,Observed,53
P15,F10,F,10,R1,D6,fucus,31%,roomT,Shannon,1.923178864771933
P15,F11,F,11,R2,D6,fucus,31%,roomT,Observed,56
P15,F11,F,11,R2,D6,fucus,31%,roomT,Shannon,2.1349960191693307
P15,F12,F,12,R3,D6,fucus,31%,roomT,Observed,53
P15,F12,F,12,R3,D6,fucus,31%,roomT,Shannon,1.5326858123697
P15,F2,F,2,R2,D6,ica,31%,roomT,Observed,51
P15,F2,F,2,R2,D6,ica,31%,roomT,Shannon,1.1813487051968843
P15,F3,F,3,R3,D6,ica,31%,roomT,Observed,55
P15,F3,F,3,R3,D6,ica,31%,roomT,Shannon,1.8965463454202138
P15,F4,F,4,R1,D6,nahant,31%,roomT,Observed,50
P15,F4,F,4,R1,D6,nahant,31%,roomT,Shannon,1.0514656763270167
P15,F5,F,5,R2,D6,nahant,31%,roomT,Observed,40
P15,F5,F,5,R2,D6,nahant,31%,roomT,Shannon,1.0219861145705318
P15,F6,F,6,R3,D6,nahant,31%,roomT,Observed,44
P15,F6,F,6,R3,D6,nahant,31%,roomT,Shannon,1.0568514255002999
P15,F7,F,7,R1,D6,charles,31%,roomT,Observed,71
P15,F7,F,7,R1,D6,charles,31%,roomT,Shannon,1.8542767588546614
P15,F8,F,8,R2,D6,charles,31%,roomT,Observed,58
P15,F8,F,8,R2,D6,charles,31%,roomT,Shannon,1.5174115376935
P15,F9,F,9,R3,D6,charles,31%,roomT,Observed,67
P15,F9,F,9,R3,D6,charles,31%,roomT,Shannon,1.7199556594344927
P15,G1,G,1,R1,D6,ica,16%,roomT,Observed,70
P15,G1,G,1,R1,D6,ica,16%,roomT,Shannon,1.8617425959896818
P15,G10,G,10,R1,D6,fucus,16%,roomT,Observed,70
P15,G10,G,10,R1,D6,fucus,16%,roomT,Shannon,2.195369264554701
P15,G11,G,11,R2,D6,fucus,16%,roomT,Observed,83
P15,G11,G,11,R2,D6,fucus,16%,roomT,Shannon,2.336002883756023
P15,G12,G,12,R3,D6,fucus,16%,roomT,Observed,80
P15,G12,G,12,R3,D6,fucus,16%,roomT,Shannon,2.125047550544632
P15,G2,G,2,R2,D6,ica,16%,roomT,Observed,80
P15,G2,G,2,R2,D6,ica,16%,roomT,Shannon,1.8114415593544613
P15,G3,G,3,R3,D6,ica,16%,roomT,Observed,75
P15,G3,G,3,R3,D6,ica,16%,roomT,Shannon,1.6736144304390912
P15,G4,G,4,R1,D6,nahant,16%,roomT,Observed,73
P15,G4,G,4,R1,D6,nahant,16%,roomT,Shannon,1.4907899348948965
P15,G5,G,5,R2,D6,nahant,16%,roomT,Observed,90
P15,G5,G,5,R2,D6,nahant,16%,roomT,Shannon,2.474223034035266
P15,G6,G,6,R3,D6,nahant,16%,roomT,Observed,59
P15,G6,G,6,R3,D6,nahant,16%,roomT,Shannon,0.9979512991267314
P15,G7,G,7,R1,D6,charles,16%,roomT,Observed,98
P15,G7,G,7,R1,D6,charles,16%,roomT,Shannon,2.0492871237606733
P15,G8,G,8,R2,D6,charles,16%,roomT,Observed,109
P15,G8,G,8,R2,D6,charles,16%,roomT,Shannon,2.9525298350976783
P15,G9,G,9,R3,D6,charles,16%,roomT,Observed,90
P15,G9,G,9,R3,D6,charles,16%,roomT,Shannon,2.5323993207276105
P15,H1,H,1,R1,D5,ica,46%,roomT,Observed,50
P15,H1,H,1,R1,D5,ica,46%,roomT,Shannon,1.8019103671002543
P15,H10,H,10,R1,D5,fucus,46%,roomT,Observed,59
P15,H10,H,10,R1,D5,fucus,46%,roomT,Shannon,1.5927891366227704
P15,H11,H,11,R2,D5,fucus,46%,roomT,Observed,73
P15,H11,H,11,R2,D5,fucus,46%,roomT,Shannon,1.880923678676104
P15,H12,H,12,R3,D5,fucus,46%,roomT,Observed,55
P15,H12,H,12,R3,D5,fucus,46%,roomT,Shannon,1.3989375120421863
P15,H2,H,2,R2,D5,ica,46%,roomT,Observed,54
P15,H2,H,2,R2,D5,ica,46%,roomT,Shannon,1.8771418327297944
P15,H3,H,3,R3,D5,ica,46%,roomT,Observed,52
P15,H3,H,3,R3,D5,ica,46%,roomT,Shannon,1.8192972464716644
P15,H4,H,4,R1,D5,nahant,46%,roomT,Observed,50
P15,H4,H,4,R1,D5,nahant,46%,roomT,Shannon,1.3784363016897605
P15,H5,H,5,R2,D5,nahant,46%,roomT,Observed,45
P15,H5,H,5,R2,D5,nahant,46%,roomT,Shannon,1.8998987595205135
P15,H6,H,6,R3,D5,nahant,46%,roomT,Observed,49
P15,H6,H,6,R3,D5,nahant,46%,roomT,Shannon,1.3769564158581333
P15,H7,H,7,R1,D5,charles,46%,roomT,Observed,90
P15,H7,H,7,R1,D5,charles,46%,roomT,Shannon,2.035933472624581
P15,H8,H,8,R2,D5,charles,46%,roomT,Observed,73
P15,H8,H,8,R2,D5,charles,46%,roomT,Shannon,1.667830986834809
P15,H9,H,9,R3,D5,charles,46%,roomT,Observed,62
P15,H9,H,9,R3,D5,charles,46%,roomT,Shannon,1.9975005074526437
P14,A1,A,1,R1,D5,ica,31%,roomT,Observed,58
P14,A1,A,1,R1,D5,ica,31%,roomT,Shannon,1.8815462628918267
P14,A10,A,10,R1,D5,fucus,31%,roomT,Observed,59
P14,A10,A,10,R1,D5,fucus,31%,roomT,Shannon,1.9483862351575385
P14,A11,A,11,R2,D5,fucus,31%,roomT,Observed,53
P14,A11,A,11,R2,D5,fucus,31%,roomT,Shannon,1.880482663773391
P14,A12,A,12,R3,D5,fucus,31%,roomT,Observed,57
P14,A12,A,12,R3,D5,fucus,31%,roomT,Shannon,1.2921599803237893
P14,A2,A,2,R2,D5,ica,31%,roomT,Observed,66
P14,A2,A,2,R2,D5,ica,31%,roomT,Shannon,2.733131724474028
P14,A3,A,3,R3,D5,ica,31%,roomT,Observed,55
P14,A3,A,3,R3,D5,ica,31%,roomT,Shannon,1.459590687699479
P14,A4,A,4,R1,D5,nahant,31%,roomT,Observed,49
P14,A4,A,4,R1,D5,nahant,31%,roomT,Shannon,1.0506861712601119
P14,A5,A,5,R2,D5,nahant,31%,roomT,Observed,71
P14,A5,A,5,R2,D5,nahant,31%,roomT,Shannon,0.962632447195418
P14,A6,A,6,R3,D5,nahant,31%,roomT,Observed,57
P14,A6,A,6,R3,D5,nahant,31%,roomT,Shannon,0.8627322288281064
P14,A7,A,7,R1,D5,charles,31%,roomT,Observed,87
P14,A7,A,7,R1,D5,charles,31%,roomT,Shannon,1.1573351156650666
P14,A8,A,8,R2,D5,charles,31%,roomT,Observed,82
P14,A8,A,8,R2,D5,charles,31%,roomT,Shannon,0.9675663670308957
P14,A9,A,9,R3,D5,charles,31%,roomT,Observed,80
P14,A9,A,9,R3,D5,charles,31%,roomT,Shannon,1.4838307285004488
P14,B1,B,1,R1,D5,ica,16%,roomT,Observed,57
P14,B1,B,1,R1,D5,ica,16%,roomT,Shannon,1.4247490311070028
P14,B10,B,10,R1,D5,fucus,16%,roomT,Observed,73
P14,B10,B,10,R1,D5,fucus,16%,roomT,Shannon,2.194388524274622
P14,B11,B,11,R2,D5,fucus,16%,roomT,Observed,54
P14,B11,B,11,R2,D5,fucus,16%,roomT,Shannon,2.106925105037997
P14,B12,B,12,R3,D5,fucus,16%,roomT,Observed,65
P14,B12,B,12,R3,D5,fucus,16%,roomT,Shannon,1.7334645951741474
P14,B2,B,2,R2,D5,ica,16%,roomT,Observed,67
P14,B2,B,2,R2,D5,ica,16%,roomT,Shannon,1.755503329740106
P14,B3,B,3,R3,D5,ica,16%,roomT,Observed,50
P14,B3,B,3,R3,D5,ica,16%,roomT,Shannon,0.8514257157830893
P14,B4,B,4,R1,D5,nahant,16%,roomT,Observed,45
P14,B4,B,4,R1,D5,nahant,16%,roomT,Shannon,0.8294686407462964
P14,B5,B,5,R2,D5,nahant,16%,roomT,Observed,63
P14,B5,B,5,R2,D5,nahant,16%,roomT,Shannon,1.4949089853224333
P14,B6,B,6,R3,D5,nahant,16%,roomT,Observed,56
P14,B6,B,6,R3,D5,nahant,16%,roomT,Shannon,0.8589547969544938
P14,B7,B,7,R1,D5,charles,16%,roomT,Observed,83
P14,B7,B,7,R1,D5,charles,16%,roomT,Shannon,1.883603616846911
P14,B8,B,8,R2,D5,charles,16%,roomT,Observed,87
P14,B8,B,8,R2,D5,charles,16%,roomT,Shannon,2.727880852901602
P14,B9,B,9,R3,D5,charles,16%,roomT,Observed,73
P14,B9,B,9,R3,D5,charles,16%,roomT,Shannon,1.7118652158915688
P14,C1,C,1,R1,D3,ica,46%,roomT,Observed,46
P14,C1,C,1,R1,D3,ica,46%,roomT,Shannon,1.7379676277871583
P14,C10,C,10,R1,D3,fucus,46%,roomT,Observed,56
P14,C10,C,10,R1,D3,fucus,46%,roomT,Shannon,1.2659948197084252
P14,C11,C,11,R2,D3,fucus,46%,roomT,Observed,58
P14,C11,C,11,R2,D3,fucus,46%,roomT,Shannon,1.415575236000411
P14,C12,C,12,R3,D3,fucus,46%,roomT,Observed,51
P14,C12,C,12,R3,D3,fucus,46%,roomT,Shannon,1.1686234353894775
P14,C2,C,2,R2,D3,ica,46%,roomT,Observed,66
P14,C2,C,2,R2,D3,ica,46%,roomT,Shannon,1.6561393439513044
P14,C3,C,3,R3,D3,ica,46%,roomT,Observed,54
P14,C3,C,3,R3,D3,ica,46%,roomT,Shannon,1.475989029661777
P14,C4,C,4,R1,D3,nahant,46%,roomT,Observed,40
P14,C4,C,4,R1,D3,nahant,46%,roomT,Shannon,0.8128197056763561
P14,C5,C,5,R2,D3,nahant,46%,roomT,Observed,52
P14,C5,C,5,R2,D3,nahant,46%,roomT,Shannon,1.9101589328821242
P14,C6,C,6,R3,D3,nahant,46%,roomT,Observed,42
P14,C6,C,6,R3,D3,nahant,46%,roomT,Shannon,0.34916386776466263
P14,C7,C,7,R1,D3,charles,46%,roomT,Observed,63
P14,C7,C,7,R1,D3,charles,46%,roomT,Shannon,0.960154505535174
P14,C8,C,8,R2,D3,charles,46%,roomT,Observed,67
P14,C8,C,8,R2,D3,charles,46%,roomT,Shannon,1.5130604922000817
P14,C9,C,9,R3,D3,charles,46%,roomT,Observed,61
P14,C9,C,9,R3,D3,charles,46%,roomT,Shannon,2.133116402449412
P14,D1,D,1,R1,D3,ica,31%,roomT,Observed,59
P14,D1,D,1,R1,D3,ica,31%,roomT,Shannon,1.1674899901924984
P14,D10,D,10,R1,D3,fucus,31%,roomT,Observed,63
P14,D10,D,10,R1,D3,fucus,31%,roomT,Shannon,2.015399865916956
P14,D11,D,11,R2,D3,fucus,31%,roomT,Observed,71
P14,D11,D,11,R2,D3,fucus,31%,roomT,Shannon,1.6532219532857644
P14,D12,D,12,R3,D3,fucus,31%,roomT,Observed,68
P14,D12,D,12,R3,D3,fucus,31%,roomT,Shannon,1.6910214818530747
P14,D2,D,2,R2,D3,ica,31%,roomT,Observed,86
P14,D2,D,2,R2,D3,ica,31%,roomT,Shannon,2.285131403534543
P14,D3,D,3,R3,D3,ica,31%,roomT,Observed,59
P14,D3,D,3,R3,D3,ica,31%,roomT,Shannon,1.4901704130964977
P14,D4,D,4,R1,D3,nahant,31%,roomT,Observed,47
P14,D4,D,4,R1,D3,nahant,31%,roomT,Shannon,0.9298333724937118
P14,D5,D,5,R2,D3,nahant,31%,roomT,Observed,54
P14,D5,D,5,R2,D3,nahant,31%,roomT,Shannon,1.000164682512512
P14,D6,D,6,R3,D3,nahant,31%,roomT,Observed,50
P14,D6,D,6,R3,D3,nahant,31%,roomT,Shannon,0.9150361388395217
P14,D7,D,7,R1,D3,charles,31%,roomT,Observed,73
P14,D7,D,7,R1,D3,charles,31%,roomT,Shannon,1.2521880455030405
P14,D8,D,8,R2,D3,charles,31%,roomT,Observed,76
P14,D8,D,8,R2,D3,charles,31%,roomT,Shannon,1.14126213315195
P14,D9,D,9,R3,D3,charles,31%,roomT,Observed,67
P14,D9,D,9,R3,D3,charles,31%,roomT,Shannon,1.6033197564458503
P14,E1,E,1,R1,D3,ica,16%,roomT,Observed,58
P14,E1,E,1,R1,D3,ica,16%,roomT,Shannon,1.4560662012659185
P14,E10,E,10,R1,D3,fucus,16%,roomT,Observed,72
P14,E10,E,10,R1,D3,fucus,16%,roomT,Shannon,1.9104485098340394
P14,E11,E,11,R2,D3,fucus,16%,roomT,Observed,76
P14,E11,E,11,R2,D3,fucus,16%,roomT,Shannon,1.9253359165983477
P14,E12,E,12,R3,D3,fucus,16%,roomT,Observed,59
P14,E12,E,12,R3,D3,fucus,16%,roomT,Shannon,1.3474675644199232
P14,E2,E,2,R2,D3,ica,16%,roomT,Observed,90
P14,E2,E,2,R2,D3,ica,16%,roomT,Shannon,2.3022426782306025
P14,E3,E,3,R3,D3,ica,16%,roomT,Observed,66
P14,E3,E,3,R3,D3,ica,16%,roomT,Shannon,1.7809818703387512
P14,E4,E,4,R1,D3,nahant,16%,roomT,Observed,60
P14,E4,E,4,R1,D3,nahant,16%,roomT,Shannon,1.4538523347731918
P14,E5,E,5,R2,D3,nahant,16%,roomT,Observed,60
P14,E5,E,5,R2,D3,nahant,16%,roomT,Shannon,1.2817913634290634
P14,E6,E,6,R3,D3,nahant,16%,roomT,Observed,51
P14,E6,E,6,R3,D3,nahant,16%,roomT,Shannon,1.3649648006477744
P14,E7,E,7,R1,D3,charles,16%,roomT,Observed,94
P14,E7,E,7,R1,D3,charles,16%,roomT,Shannon,2.2719297204745788
P14,E8,E,8,R2,D3,charles,16%,roomT,Observed,86
P14,E8,E,8,R2,D3,charles,16%,roomT,Shannon,2.126372922289799
P14,E9,E,9,R3,D3,charles,16%,roomT,Observed,80
P14,E9,E,9,R3,D3,charles,16%,roomT,Shannon,2.1951615035590084
P14,F1,F,1,R1,D1,ica,46%,roomT,Observed,51
P14,F1,F,1,R1,D1,ica,46%,roomT,Shannon,0.5473791850822232
P14,F10,F,10,R1,D1,fucus,46%,roomT,Observed,55
P14,F10,F,10,R1,D1,fucus,46%,roomT,Shannon,1.1759129768349035
P14,F11,F,11,R2,D1,fucus,46%,roomT,Observed,62
P14,F11,F,11,R2,D1,fucus,46%,roomT,Shannon,1.442642405592055
P14,F12,F,12,R3,D1,fucus,46%,roomT,Observed,70
P14,F12,F,12,R3,D1,fucus,46%,roomT,Shannon,1.0336357133577063
P14,F2,F,2,R2,D1,ica,46%,roomT,Observed,80
P14,F2,F,2,R2,D1,ica,46%,roomT,Shannon,1.7150994605428953
P14,F3,F,3,R3,D1,ica,46%,roomT,Observed,47
P14,F3,F,3,R3,D1,ica,46%,roomT,Shannon,1.4636657597203506
P14,F4,F,4,R1,D1,nahant,46%,roomT,Observed,42
P14,F4,F,4,R1,D1,nahant,46%,roomT,Shannon,1.058613890788775
P14,F5,F,5,R2,D1,nahant,46%,roomT,Observed,45
P14,F5,F,5,R2,D1,nahant,46%,roomT,Shannon,1.214526987878855
P14,F6,F,6,R3,D1,nahant,46%,roomT,Observed,45
P14,F6,F,6,R3,D1,nahant,46%,roomT,Shannon,0.40434746880429306
P14,F7,F,7,R1,D1,charles,46%,roomT,Observed,66
P14,F7,F,7,R1,D1,charles,46%,roomT,Shannon,1.2301718292885049
P14,F8,F,8,R2,D1,charles,46%,roomT,Observed,66
P14,F8,F,8,R2,D1,charles,46%,roomT,Shannon,1.584003241099162
P14,F9,F,9,R3,D1,charles,46%,roomT,Observed,61
P14,F9,F,9,R3,D1,charles,46%,roomT,Shannon,1.6861859994188853
P14,G1,G,1,R1,D1,ica,31%,roomT,Observed,98
P14,G1,G,1,R1,D1,ica,31%,roomT,Shannon,1.8480672823693076
P14,G10,G,10,R1,D1,fucus,31%,roomT,Observed,134
P14,G10,G,10,R1,D1,fucus,31%,roomT,Shannon,2.1183961089608707
P14,G11,G,11,R2,D1,fucus,31%,roomT,Observed,121
P14,G11,G,11,R2,D1,fucus,31%,roomT,Shannon,1.725036344891028
P14,G12,G,12,R3,D1,fucus,31%,roomT,Observed,119
P14,G12,G,12,R3,D1,fucus,31%,roomT,Shannon,2.070979450242401
P14,G2,G,2,R2,D1,ica,31%,roomT,Observed,124
P14,G2,G,2,R2,D1,ica,31%,roomT,Shannon,2.389471471577418
P14,G3,G,3,R3,D1,ica,31%,roomT,Observed,105
P14,G3,G,3,R3,D1,ica,31%,roomT,Shannon,2.51907501964101
P14,G4,G,4,R1,D1,nahant,31%,roomT,Observed,126
P14,G4,G,4,R1,D1,nahant,31%,roomT,Shannon,1.1113103457693285
P14,G5,G,5,R2,D1,nahant,31%,roomT,Observed,74
P14,G5,G,5,R2,D1,nahant,31%,roomT,Shannon,1.1416643732466736
P14,G6,G,6,R3,D1,nahant,31%,roomT,Observed,136
P14,G6,G,6,R3,D1,nahant,31%,roomT,Shannon,1.5577951335220381
P14,G7,G,7,R1,D1,charles,31%,roomT,Observed,122
P14,G7,G,7,R1,D1,charles,31%,roomT,Shannon,2.022348821412908
P14,G8,G,8,R2,D1,charles,31%,roomT,Observed,116
P14,G8,G,8,R2,D1,charles,31%,roomT,Shannon,2.1478823700684933
P14,G9,G,9,R3,D1,charles,31%,roomT,Observed,110
P14,G9,G,9,R3,D1,charles,31%,roomT,Shannon,2.0195543762747503
P14,H1,H,1,R1,D1,ica,16%,roomT,Observed,90
P14,H1,H,1,R1,D1,ica,16%,roomT,Shannon,1.5133788833058373
P14,H10,H,10,R1,D1,fucus,16%,roomT,Observed,114
P14,H10,H,10,R1,D1,fucus,16%,roomT,Shannon,1.6332474953670126
P14,H11,H,11,R2,D1,fucus,16%,roomT,Observed,100
P14,H11,H,11,R2,D1,fucus,16%,roomT,Shannon,1.8500531990194176
P14,H12,H,12,R3,D1,fucus,16%,roomT,Observed,101
P14,H12,H,12,R3,D1,fucus,16%,roomT,Shannon,1.6570106373021074
P14,H2,H,2,R2,D1,ica,16%,roomT,Observed,107
P14,H2,H,2,R2,D1,ica,16%,roomT,Shannon,2.1091412974440273
P14,H3,H,3,R3,D1,ica,16%,roomT,Observed,109
P14,H3,H,3,R3,D1,ica,16%,roomT,Shannon,1.1185425585359507
P14,H4,H,4,R1,D1,nahant,16%,roomT,Observed,67
P14,H4,H,4,R1,D1,nahant,16%,roomT,Shannon,1.158980742733764
P14,H5,H,5,R2,D1,nahant,16%,roomT,Observed,75
P14,H5,H,5,R2,D1,nahant,16%,roomT,Shannon,1.4437113433825532
P14,H6,H,6,R3,D1,nahant,16%,roomT,Observed,100
P14,H6,H,6,R3,D1,nahant,16%,roomT,Shannon,2.131458371442805
P14,H7,H,7,R1,D1,charles,16%,roomT,Observed,108
P14,H7,H,7,R1,D1,charles,16%,roomT,Shannon,2.174132089117278
P14,H8,H,8,R2,D1,charles,16%,roomT,Observed,94
P14,H8,H,8,R2,D1,charles,16%,roomT,Shannon,1.749671382474605
P14,H9,H,9,R3,D1,charles,16%,roomT,Observed,104
P14,H9,H,9,R3,D1,charles,16%,roomT,Shannon,2.406978936010386
P16,A1,A,1,R1,D5,ica,31%,15C,Observed,64
P16,A1,A,1,R1,D5,ica,31%,15C,Shannon,1.8315688835072186
P16,A10,A,10,R1,D5,fucus,31%,15C,Observed,61
P16,A10,A,10,R1,D5,fucus,31%,15C,Shannon,1.6223615296479097
P16,A11,A,11,R2,D5,fucus,31%,15C,Observed,64
P16,A11,A,11,R2,D5,fucus,31%,15C,Shannon,1.7207435954396848
P16,A12,A,12,R3,D5,fucus,31%,15C,Observed,59
P16,A12,A,12,R3,D5,fucus,31%,15C,Shannon,1.455860700699663
P16,A2,A,2,R2,D5,ica,31%,15C,Observed,58
P16,A2,A,2,R2,D5,ica,31%,15C,Shannon,1.732946243311316
P16,A3,A,3,R3,D5,ica,31%,15C,Observed,47
P16,A3,A,3,R3,D5,ica,31%,15C,Shannon,1.1836795068033898
P16,A4,A,4,R1,D5,nahant,31%,15C,Observed,67
P16,A4,A,4,R1,D5,nahant,31%,15C,Shannon,0.9026800666063174
P16,A5,A,5,R2,D5,nahant,31%,15C,Observed,48
P16,A5,A,5,R2,D5,nahant,31%,15C,Shannon,1.325220056742397
P16,A6,A,6,R3,D5,nahant,31%,15C,Observed,61
P16,A6,A,6,R3,D5,nahant,31%,15C,Shannon,1.7432220420825417
P16,A7,A,7,R1,D5,charles,31%,15C,Observed,71
P16,A7,A,7,R1,D5,charles,31%,15C,Shannon,1.5247350956810652
P16,A8,A,8,R2,D5,charles,31%,15C,Observed,74
P16,A8,A,8,R2,D5,charles,31%,15C,Shannon,1.2977150870890333
P16,A9,A,9,R3,D5,charles,31%,15C,Observed,64
P16,A9,A,9,R3,D5,charles,31%,15C,Shannon,1.2832633696528903
P16,B1,B,1,R1,D5,ica,16%,15C,Observed,157
P16,B1,B,1,R1,D5,ica,16%,15C,Shannon,2.373772390509286
P16,B10,B,10,R1,D5,fucus,16%,15C,Observed,73
P16,B10,B,10,R1,D5,fucus,16%,15C,Shannon,2.1948025980323354
P16,B11,B,11,R2,D5,fucus,16%,15C,Observed,76
P16,B11,B,11,R2,D5,fucus,16%,15C,Shannon,2.203741753680431
P16,B12,B,12,R3,D5,fucus,16%,15C,Observed,59
P16,B12,B,12,R3,D5,fucus,16%,15C,Shannon,1.6348045831068125
P16,B2,B,2,R2,D5,ica,16%,15C,Observed,110
P16,B2,B,2,R2,D5,ica,16%,15C,Shannon,2.5520527506713977
P16,B3,B,3,R3,D5,ica,16%,15C,Observed,124
P16,B3,B,3,R3,D5,ica,16%,15C,Shannon,2.795343267040626
P16,B4,B,4,R1,D5,nahant,16%,15C,Observed,51
P16,B4,B,4,R1,D5,nahant,16%,15C,Shannon,1.232095382812668
P16,B5,B,5,R2,D5,nahant,16%,15C,Observed,87
P16,B5,B,5,R2,D5,nahant,16%,15C,Shannon,1.3142043593467123
P16,B6,B,6,R3,D5,nahant,16%,15C,Observed,74
P16,B6,B,6,R3,D5,nahant,16%,15C,Shannon,1.3835452063422227
P16,B7,B,7,R1,D5,charles,16%,15C,Observed,110
P16,B7,B,7,R1,D5,charles,16%,15C,Shannon,1.4402355385909205
P16,B8,B,8,R2,D5,charles,16%,15C,Observed,109
P16,B8,B,8,R2,D5,charles,16%,15C,Shannon,1.7278252806976229
P16,B9,B,9,R3,D5,charles,16%,15C,Observed,128
P16,B9,B,9,R3,D5,charles,16%,15C,Shannon,1.6726599594047311
P16,C1,C,1,R1,D3,ica,46%,15C,Observed,117
P16,C1,C,1,R1,D3,ica,46%,15C,Shannon,2.0732852174566516
P16,C10,C,10,R1,D3,fucus,46%,15C,Observed,60
P16,C10,C,10,R1,D3,fucus,46%,15C,Shannon,1.5379377042839177
P16,C11,C,11,R2,D3,fucus,46%,15C,Observed,68
P16,C11,C,11,R2,D3,fucus,46%,15C,Shannon,1.5230555547041502
P16,C12,C,12,R3,D3,fucus,46%,15C,Observed,62
P16,C12,C,12,R3,D3,fucus,46%,15C,Shannon,1.4533313388183187
P16,C2,C,2,R2,D3,ica,46%,15C,Observed,110
P16,C2,C,2,R2,D3,ica,46%,15C,Shannon,2.7904920630886396
P16,C3,C,3,R3,D3,ica,46%,15C,Observed,88
P16,C3,C,3,R3,D3,ica,46%,15C,Shannon,1.7250223322323215
P16,C4,C,4,R1,D3,nahant,46%,15C,Observed,40
P16,C4,C,4,R1,D3,nahant,46%,15C,Shannon,1.2654256342440797
P16,C5,C,5,R2,D3,nahant,46%,15C,Observed,76
P16,C5,C,5,R2,D3,nahant,46%,15C,Shannon,1.236365085594726
P16,C6,C,6,R3,D3,nahant,46%,15C,Observed,63
P16,C6,C,6,R3,D3,nahant,46%,15C,Shannon,0.7717640282961824
P16,C7,C,7,R1,D3,charles,46%,15C,Observed,125
P16,C7,C,7,R1,D3,charles,46%,15C,Shannon,2.516006888010867
P16,C8,C,8,R2,D3,charles,46%,15C,Observed,93
P16,C8,C,8,R2,D3,charles,46%,15C,Shannon,1.659529027501273
P16,C9,C,9,R3,D3,charles,46%,15C,Observed,129
P16,C9,C,9,R3,D3,charles,46%,15C,Shannon,2.351237157678263
P16,D1,D,1,R1,D3,ica,31%,15C,Observed,126
P16,D1,D,1,R1,D3,ica,31%,15C,Shannon,2.722073396387687
P16,D10,D,10,R1,D3,fucus,31%,15C,Observed,63
P16,D10,D,10,R1,D3,fucus,31%,15C,Shannon,1.7705311452793167
P16,D11,D,11,R2,D3,fucus,31%,15C,Observed,57
P16,D11,D,11,R2,D3,fucus,31%,15C,Shannon,2.4151242546108334
P16,D12,D,12,R3,D3,fucus,31%,15C,Observed,48
P16,D12,D,12,R3,D3,fucus,31%,15C,Shannon,1.9300505630433757
P16,D2,D,2,R2,D3,ica,31%,15C,Observed,101
P16,D2,D,2,R2,D3,ica,31%,15C,Shannon,2.6334771765297225
P16,D3,D,3,R3,D3,ica,31%,15C,Observed,72
P16,D3,D,3,R3,D3,ica,31%,15C,Shannon,1.9752693337686311
P16,D4,D,4,R1,D3,nahant,31%,15C,Observed,36
P16,D4,D,4,R1,D3,nahant,31%,15C,Shannon,0.8127334533867738
P16,D5,D,5,R2,D3,nahant,31%,15C,Observed,80
P16,D5,D,5,R2,D3,nahant,31%,15C,Shannon,1.7079779672322315
P16,D6,D,6,R3,D3,nahant,31%,15C,Observed,55
P16,D6,D,6,R3,D3,nahant,31%,15C,Shannon,1.7540798368594712
P16,D7,D,7,R1,D3,charles,31%,15C,Observed,106
P16,D7,D,7,R1,D3,charles,31%,15C,Shannon,1.6201748998118088
P16,D8,D,8,R2,D3,charles,31%,15C,Observed,85
P16,D8,D,8,R2,D3,charles,31%,15C,Shannon,1.406515907900103
P16,D9,D,9,R3,D3,charles,31%,15C,Observed,105
P16,D9,D,9,R3,D3,charles,31%,15C,Shannon,1.7081054786634835
P16,E1,E,1,R1,D3,ica,16%,15C,Observed,274
P16,E1,E,1,R1,D3,ica,16%,15C,Shannon,3.180289667491445
P16,E10,E,10,R1,D3,fucus,16%,15C,Observed,129
P16,E10,E,10,R1,D3,fucus,16%,15C,Shannon,2.3698288105502816
P16,E11,E,11,R2,D3,fucus,16%,15C,Observed,123
P16,E11,E,11,R2,D3,fucus,16%,15C,Shannon,1.9068235538072071
P16,E12,E,12,R3,D3,fucus,16%,15C,Observed,103
P16,E12,E,12,R3,D3,fucus,16%,15C,Shannon,1.7862479357670042
P16,E2,E,2,R2,D3,ica,16%,15C,Observed,191
P16,E2,E,2,R2,D3,ica,16%,15C,Shannon,2.7297595176163814
P16,E3,E,3,R3,D3,ica,16%,15C,Observed,179
P16,E3,E,3,R3,D3,ica,16%,15C,Shannon,2.873669200683275
P16,E4,E,4,R1,D3,nahant,16%,15C,Observed,81
P16,E4,E,4,R1,D3,nahant,16%,15C,Shannon,1.6594289124113046
P16,E5,E,5,R2,D3,nahant,16%,15C,Observed,159
P16,E5,E,5,R2,D3,nahant,16%,15C,Shannon,1.9244344323941451
P16,E6,E,6,R3,D3,nahant,16%,15C,Observed,105
P16,E6,E,6,R3,D3,nahant,16%,15C,Shannon,1.4295145184168094
P16,E7,E,7,R1,D3,charles,16%,15C,Observed,164
P16,E7,E,7,R1,D3,charles,16%,15C,Shannon,2.1164618444815297
P16,E8,E,8,R2,D3,charles,16%,15C,Observed,159
P16,E8,E,8,R2,D3,charles,16%,15C,Shannon,2.567580732081237
P16,E9,E,9,R3,D3,charles,16%,15C,Observed,189
P16,E9,E,9,R3,D3,charles,16%,15C,Shannon,2.4071018873273777
P16,F1,F,1,R1,D1,ica,46%,15C,Observed,300
P16,F1,F,1,R1,D1,ica,46%,15C,Shannon,2.4940822356799983
P16,F10,F,10,R1,D1,fucus,46%,15C,Observed,321
P16,F10,F,10,R1,D1,fucus,46%,15C,Shannon,3.00856735177087
P16,F11,F,11,R2,D1,fucus,46%,15C,Observed,172
P16,F11,F,11,R2,D1,fucus,46%,15C,Shannon,2.0158843142839924
P16,F12,F,12,R3,D1,fucus,46%,15C,Observed,264
P16,F12,F,12,R3,D1,fucus,46%,15C,Shannon,2.4105330786985095
P16,F2,F,2,R2,D1,ica,46%,15C,Observed,220
P16,F2,F,2,R2,D1,ica,46%,15C,Shannon,2.037523445060864
P16,F3,F,3,R3,D1,ica,46%,15C,Observed,249
P16,F3,F,3,R3,D1,ica,46%,15C,Shannon,2.5389246215920953
P16,F4,F,4,R1,D1,nahant,46%,15C,Observed,205
P16,F4,F,4,R1,D1,nahant,46%,15C,Shannon,2.646661218063186
P16,F5,F,5,R2,D1,nahant,46%,15C,Observed,306
P16,F5,F,5,R2,D1,nahant,46%,15C,Shannon,3.4094163116278637
P16,F6,F,6,R3,D1,nahant,46%,15C,Observed,213
P16,F6,F,6,R3,D1,nahant,46%,15C,Shannon,2.8905070852569703
P16,F7,F,7,R1,D1,charles,46%,15C,Observed,180
P16,F7,F,7,R1,D1,charles,46%,15C,Shannon,2.019609086056147
P16,F8,F,8,R2,D1,charles,46%,15C,Observed,183
P16,F8,F,8,R2,D1,charles,46%,15C,Shannon,2.189230604058872
P16,F9,F,9,R3,D1,charles,46%,15C,Observed,153
P16,F9,F,9,R3,D1,charles,46%,15C,Shannon,1.835617693459593
P16,G1,G,1,R1,D1,ica,31%,15C,Observed,220
P16,G1,G,1,R1,D1,ica,31%,15C,Shannon,2.4653488238794528
P16,G10,G,10,R1,D1,fucus,31%,15C,Observed,398
P16,G10,G,10,R1,D1,fucus,31%,15C,Shannon,3.7375767337892283
P16,G11,G,11,R2,D1,fucus,31%,15C,Observed,297
P16,G11,G,11,R2,D1,fucus,31%,15C,Shannon,3.5496518666618813
P16,G12,G,12,R3,D1,fucus,31%,15C,Observed,297
P16,G12,G,12,R3,D1,fucus,31%,15C,Shannon,2.4270755198497653
P16,G2,G,2,R2,D1,ica,31%,15C,Observed,287
P16,G2,G,2,R2,D1,ica,31%,15C,Shannon,3.1752248197695656
P16,G3,G,3,R3,D1,ica,31%,15C,Observed,252
P16,G3,G,3,R3,D1,ica,31%,15C,Shannon,1.6783420889751197
P16,G4,G,4,R1,D1,nahant,31%,15C,Observed,204
P16,G4,G,4,R1,D1,nahant,31%,15C,Shannon,1.780315856047292
P16,G5,G,5,R2,D1,nahant,31%,15C,Observed,256
P16,G5,G,5,R2,D1,nahant,31%,15C,Shannon,2.5810247059251514
P16,G6,G,6,R3,D1,nahant,31%,15C,Observed,232
P16,G6,G,6,R3,D1,nahant,31%,15C,Shannon,2.6981616637355397
P16,G7,G,7,R1,D1,charles,31%,15C,Observed,239
P16,G7,G,7,R1,D1,charles,31%,15C,Shannon,3.0057080586007885
P16,G8,G,8,R2,D1,charles,31%,15C,Observed,187
P16,G8,G,8,R2,D1,charles,31%,15C,Shannon,2.488961992393895
P16,G9,G,9,R3,D1,charles,31%,15C,Observed,223
P16,G9,G,9,R3,D1,charles,31%,15C,Shannon,2.5148544323675868
P16,H1,H,1,R1,D1,ica,16%,15C,Observed,243
P16,H1,H,1,R1,D1,ica,16%,15C,Shannon,2.836156342991882
P16,H10,H,10,R1,D1,fucus,16%,15C,Observed,305
P16,H10,H,10,R1,D1,fucus,16%,15C,Shannon,3.4929806257778053
P16,H11,H,11,R2,D1,fucus,16%,15C,Observed,189
P16,H11,H,11,R2,D1,fucus,16%,15C,Shannon,2.0945079321405866
P16,H12,H,12,R3,D1,fucus,16%,15C,Observed,99
P16,H12,H,12,R3,D1,fucus,16%,15C,Shannon,2.009876533262782
P16,H2,H,2,R2,D1,ica,16%,15C,Observed,346
P16,H2,H,2,R2,D1,ica,16%,15C,Shannon,3.3666618844136704
P16,H3,H,3,R3,D1,ica,16%,15C,Observed,234
P16,H3,H,3,R3,D1,ica,16%,15C,Shannon,2.641958536405373
P16,H4,H,4,R1,D1,nahant,16%,15C,Observed,185
P16,H4,H,4,R1,D1,nahant,16%,15C,Shannon,2.6034141878720756
P16,H5,H,5,R2,D1,nahant,16%,15C,Observed,372
P16,H5,H,5,R2,D1,nahant,16%,15C,Shannon,3.098891075209073
P16,H6,H,6,R3,D1,nahant,16%,15C,Observed,247
P16,H6,H,6,R3,D1,nahant,16%,15C,Shannon,2.7858058203733416
P16,H7,H,7,R1,D1,charles,16%,15C,Observed,172
P16,H7,H,7,R1,D1,charles,16%,15C,Shannon,2.8079387180069264
P16,H8,H,8,R2,D1,charles,16%,15C,Observed,223
P16,H8,H,8,R2,D1,charles,16%,15C,Shannon,2.7815536028834758
P16,H9,H,9,R3,D1,charles,16%,15C,Observed,215
P16,H9,H,9,R3,D1,charles,16%,15C,Shannon,2.6020403800070193
P17,A1,A,1,R1,D0,ica,inoculum,NA,Observed,363
P17,A1,A,1,R1,D0,ica,inoculum,NA,Shannon,1.98928175582408
P17,A2,A,2,R1,D0,nahant,inoculum,NA,Observed,427
P17,A2,A,2,R1,D0,nahant,inoculum,NA,Shannon,3.589131836854132
P17,A3,A,3,R1,D0,charles,inoculum,NA,Observed,481
P17,A3,A,3,R1,D0,charles,inoculum,NA,Shannon,4.1797448287859025
P17,A4,A,4,R1,D0,fucus,inoculum,NA,Observed,678
P17,A4,A,4,R1,D0,fucus,inoculum,NA,Shannon,4.463594491711489
P17,A5,A,5,R2,D0,ica,inoculum,NA,Observed,310
P17,A5,A,5,R2,D0,ica,inoculum,NA,Shannon,1.9209799969807215
P17,A6,A,6,R2,D0,nahant,inoculum,NA,Observed,338
P17,A6,A,6,R2,D0,nahant,inoculum,NA,Shannon,1.9856069583431761
P17,A7,A,7,R2,D0,charles,inoculum,NA,Observed,453
P17,A7,A,7,R2,D0,charles,inoculum,NA,Shannon,4.087677708160328
P17,A8,A,8,R2,D0,fucus,inoculum,NA,Observed,645
P17,A8,A,8,R2,D0,fucus,inoculum,NA,Shannon,4.487063573880795
P17,B1,B,1,R1,D7,ica,46%,15C,Observed,372
P17,B1,B,1,R1,D7,ica,46%,15C,Shannon,2.4205351676729516
P17,B10,B,10,R1,D7,fucus,46%,15C,Observed,52
P17,B10,B,10,R1,D7,fucus,46%,15C,Shannon,1.6590762514911037
P17,B11,B,11,R2,D7,fucus,46%,15C,Observed,62
P17,B11,B,11,R2,D7,fucus,46%,15C,Shannon,1.348792790040627
P17,B12,B,12,R3,D7,fucus,46%,15C,Observed,53
P17,B12,B,12,R3,D7,fucus,46%,15C,Shannon,1.3338157168616902
P17,B2,B,2,R2,D7,ica,46%,15C,Observed,471
P17,B2,B,2,R2,D7,ica,46%,15C,Shannon,2.94378351024664
P17,B3,B,3,R3,D7,ica,46%,15C,Observed,357
P17,B3,B,3,R3,D7,ica,46%,15C,Shannon,2.491460102951609
P17,B4,B,4,R1,D7,nahant,46%,15C,Observed,320
P17,B4,B,4,R1,D7,nahant,46%,15C,Shannon,2.1274176941667657
P17,B5,B,5,R2,D7,nahant,46%,15C,Observed,75
P17,B5,B,5,R2,D7,nahant,46%,15C,Shannon,1.2898228677338452
P17,B6,B,6,R3,D7,nahant,46%,15C,Observed,54
P17,B6,B,6,R3,D7,nahant,46%,15C,Shannon,0.9601503826984943
P17,B7,B,7,R1,D7,charles,46%,15C,Observed,61
P17,B7,B,7,R1,D7,charles,46%,15C,Shannon,1.6062146186086765
P17,B8,B,8,R2,D7,charles,46%,15C,Observed,60
P17,B8,B,8,R2,D7,charles,46%,15C,Shannon,1.1798556070240642
P17,B9,B,9,R3,D7,charles,46%,15C,Observed,49
P17,B9,B,9,R3,D7,charles,46%,15C,Shannon,0.8988174631731247
P17,C1,C,1,R1,D7,ica,31%,15C,Observed,113
P17,C1,C,1,R1,D7,ica,31%,15C,Shannon,1.9493292506702347
P17,C10,C,10,R1,D7,fucus,31%,15C,Observed,67
P17,C10,C,10,R1,D7,fucus,31%,15C,Shannon,1.5403739353315067
P17,C11,C,11,R2,D7,fucus,31%,15C,Observed,89
P17,C11,C,11,R2,D7,fucus,31%,15C,Shannon,1.6263053872201974
P17,C12,C,12,R3,D7,fucus,31%,15C,Observed,60
P17,C12,C,12,R3,D7,fucus,31%,15C,Shannon,1.4590633853516648
P17,C2,C,2,R2,D7,ica,31%,15C,Observed,102
P17,C2,C,2,R2,D7,ica,31%,15C,Shannon,1.716177803585641
P17,C3,C,3,R3,D7,ica,31%,15C,Observed,110
P17,C3,C,3,R3,D7,ica,31%,15C,Shannon,1.5788655189770449
P17,C4,C,4,R1,D7,nahant,31%,15C,Observed,45
P17,C4,C,4,R1,D7,nahant,31%,15C,Shannon,1.0514765262128398
P17,C5,C,5,R2,D7,nahant,31%,15C,Observed,64
P17,C5,C,5,R2,D7,nahant,31%,15C,Shannon,1.6035579153123127
P17,C6,C,6,R3,D7,nahant,31%,15C,Observed,72
P17,C6,C,6,R3,D7,nahant,31%,15C,Shannon,1.4393309630787465
P17,C7,C,7,R1,D7,charles,31%,15C,Observed,137
P17,C7,C,7,R1,D7,charles,31%,15C,Shannon,2.0100451128057495
P17,C8,C,8,R2,D7,charles,31%,15C,Observed,88
P17,C8,C,8,R2,D7,charles,31%,15C,Shannon,1.8510328142421384
P17,C9,C,9,R3,D7,charles,31%,15C,Observed,78
P17,C9,C,9,R3,D7,charles,31%,15C,Shannon,1.2015513863058007
P17,D1,D,1,R1,D7,ica,16%,15C,Observed,165
P17,D1,D,1,R1,D7,ica,16%,15C,Shannon,2.3207766444087565
P17,D10,D,10,R1,D7,fucus,16%,15C,Observed,78
P17,D10,D,10,R1,D7,fucus,16%,15C,Shannon,2.18395633777413
P17,D11,D,11,R2,D7,fucus,16%,15C,Observed,82
P17,D11,D,11,R2,D7,fucus,16%,15C,Shannon,2.2709267616315185
P17,D12,D,12,R3,D7,fucus,16%,15C,Observed,68
P17,D12,D,12,R3,D7,fucus,16%,15C,Shannon,1.5264089944228854
P17,D2,D,2,R2,D7,ica,16%,15C,Observed,144
P17,D2,D,2,R2,D7,ica,16%,15C,Shannon,1.9778120278110376
P17,D3,D,3,R3,D7,ica,16%,15C,Observed,233
P17,D3,D,3,R3,D7,ica,16%,15C,Shannon,2.454429828322999
P17,D4,D,4,R1,D7,nahant,16%,15C,Observed,63
P17,D4,D,4,R1,D7,nahant,16%,15C,Shannon,1.6613989993051788
P17,D5,D,5,R2,D7,nahant,16%,15C,Observed,87
P17,D5,D,5,R2,D7,nahant,16%,15C,Shannon,1.4801286672996468
P17,D6,D,6,R3,D7,nahant,16%,15C,Observed,71
P17,D6,D,6,R3,D7,nahant,16%,15C,Shannon,1.4997924375942255
P17,D7,D,7,R1,D7,charles,16%,15C,Observed,100
P17,D7,D,7,R1,D7,charles,16%,15C,Shannon,1.8836283461526493
P17,D8,D,8,R2,D7,charles,16%,15C,Observed,98
P17,D8,D,8,R2,D7,charles,16%,15C,Shannon,1.4613059828366728
P17,D9,D,9,R3,D7,charles,16%,15C,Observed,79
P17,D9,D,9,R3,D7,charles,16%,15C,Shannon,0.9505385428539443
P17,E1,E,1,R1,D6,ica,46%,15C,Observed,98
P17,E1,E,1,R1,D6,ica,46%,15C,Shannon,2.407755271486158
P17,E10,E,10,R1,D6,fucus,46%,15C,Observed,52
P17,E10,E,10,R1,D6,fucus,46%,15C,Shannon,1.5657493123015298
P17,E11,E,11,R2,D6,fucus,46%,15C,Observed,63
P17,E11,E,11,R2,D6,fucus,46%,15C,Shannon,1.4009332228499816
P17,E12,E,12,R3,D6,fucus,46%,15C,Observed,51
P17,E12,E,12,R3,D6,fucus,46%,15C,Shannon,1.1739304572409504
P17,E2,E,2,R2,D6,ica,46%,15C,Observed,189
P17,E2,E,2,R2,D6,ica,46%,15C,Shannon,2.907448293499357
P17,E3,E,3,R3,D6,ica,46%,15C,Observed,151
P17,E3,E,3,R3,D6,ica,46%,15C,Shannon,2.1925378414651155
P17,E4,E,4,R1,D6,nahant,46%,15C,Observed,66
P17,E4,E,4,R1,D6,nahant,46%,15C,Shannon,1.7050264201635488
P17,E5,E,5,R2,D6,nahant,46%,15C,Observed,91
P17,E5,E,5,R2,D6,nahant,46%,15C,Shannon,1.4490117993669747
P17,E6,E,6,R3,D6,nahant,46%,15C,Observed,46
P17,E6,E,6,R3,D6,nahant,46%,15C,Shannon,0.9630300398129381
P17,E7,E,7,R1,D6,charles,46%,15C,Observed,63
P17,E7,E,7,R1,D6,charles,46%,15C,Shannon,1.7411765620969761
P17,E8,E,8,R2,D6,charles,46%,15C,Observed,60
P17,E8,E,8,R2,D6,charles,46%,15C,Shannon,1.250809307350413
P17,E9,E,9,R3,D6,charles,46%,15C,Observed,48
P17,E9,E,9,R3,D6,charles,46%,15C,Shannon,1.0236667026208779
P17,F1,F,1,R1,D6,ica,31%,15C,Observed,89
P17,F1,F,1,R1,D6,ica,31%,15C,Shannon,1.974096359754117
P17,F10,F,10,R1,D6,fucus,31%,15C,Observed,68
P17,F10,F,10,R1,D6,fucus,31%,15C,Shannon,1.3925274137626258
P17,F11,F,11,R2,D6,fucus,31%,15C,Observed,127
P17,F11,F,11,R2,D6,fucus,31%,15C,Shannon,1.5465434920318177
P17,F12,F,12,R3,D6,fucus,31%,15C,Observed,85
P17,F12,F,12,R3,D6,fucus,31%,15C,Shannon,1.3944320518566031
P17,F2,F,2,R2,D6,ica,31%,15C,Observed,91
P17,F2,F,2,R2,D6,ica,31%,15C,Shannon,1.8136099442574585
P17,F3,F,3,R3,D6,ica,31%,15C,Observed,109
P17,F3,F,3,R3,D6,ica,31%,15C,Shannon,1.7481259198621484
P17,F4,F,4,R1,D6,nahant,31%,15C,Observed,44
P17,F4,F,4,R1,D6,nahant,31%,15C,Shannon,1.0514564715285502
P17,F5,F,5,R2,D6,nahant,31%,15C,Observed,95
P17,F5,F,5,R2,D6,nahant,31%,15C,Shannon,1.5547799264772155
P17,F6,F,6,R3,D6,nahant,31%,15C,Observed,75
P17,F6,F,6,R3,D6,nahant,31%,15C,Shannon,1.3478369029500619
P17,F7,F,7,R1,D6,charles,31%,15C,Observed,105
P17,F7,F,7,R1,D6,charles,31%,15C,Shannon,1.8620340789040184
P17,F8,F,8,R2,D6,charles,31%,15C,Observed,97
P17,F8,F,8,R2,D6,charles,31%,15C,Shannon,1.8256593472127074
P17,F9,F,9,R3,D6,charles,31%,15C,Observed,111
P17,F9,F,9,R3,D6,charles,31%,15C,Shannon,2.2140800112625794
P17,G1,G,1,R1,D6,ica,16%,15C,Observed,129
P17,G1,G,1,R1,D6,ica,16%,15C,Shannon,2.2604449746792037
P17,G10,G,10,R1,D6,fucus,16%,15C,Observed,63
P17,G10,G,10,R1,D6,fucus,16%,15C,Shannon,2.0788788760715224
P17,G11,G,11,R2,D6,fucus,16%,15C,Observed,126
P17,G11,G,11,R2,D6,fucus,16%,15C,Shannon,2.2139336952602666
P17,G12,G,12,R3,D6,fucus,16%,15C,Observed,83
P17,G12,G,12,R3,D6,fucus,16%,15C,Shannon,1.5389293539100921
P17,G2,G,2,R2,D6,ica,16%,15C,Observed,86
P17,G2,G,2,R2,D6,ica,16%,15C,Shannon,1.600783939889879
P17,G3,G,3,R3,D6,ica,16%,15C,Observed,152
P17,G3,G,3,R3,D6,ica,16%,15C,Shannon,2.2723400954085022
P17,G4,G,4,R1,D6,nahant,16%,15C,Observed,54
P17,G4,G,4,R1,D6,nahant,16%,15C,Shannon,1.083076905402836
P17,G5,G,5,R2,D6,nahant,16%,15C,Observed,105
P17,G5,G,5,R2,D6,nahant,16%,15C,Shannon,1.4431305317360392
P17,G6,G,6,R3,D6,nahant,16%,15C,Observed,66
P17,G6,G,6,R3,D6,nahant,16%,15C,Shannon,1.215267516418367
P17,G7,G,7,R1,D6,charles,16%,15C,Observed,97
P17,G7,G,7,R1,D6,charles,16%,15C,Shannon,2.054105793939857
P17,G8,G,8,R2,D6,charles,16%,15C,Observed,94
P17,G8,G,8,R2,D6,charles,16%,15C,Shannon,1.7728706552058169
P17,G9,G,9,R3,D6,charles,16%,15C,Observed,107
P17,G9,G,9,R3,D6,charles,16%,15C,Shannon,1.5996478331164203
P17,H1,H,1,R1,D5,ica,46%,15C,Observed,88
P17,H1,H,1,R1,D5,ica,46%,15C,Shannon,2.407826957703809
P17,H10,H,10,R1,D5,fucus,46%,15C,Observed,53
P17,H10,H,10,R1,D5,fucus,46%,15C,Shannon,1.480945890892096
P17,H11,H,11,R2,D5,fucus,46%,15C,Observed,112
P17,H11,H,11,R2,D5,fucus,46%,15C,Shannon,0.9726396618399574
P17,H12,H,12,R3,D5,fucus,46%,15C,Observed,70
P17,H12,H,12,R3,D5,fucus,46%,15C,Shannon,1.2263163049551942
P17,H2,H,2,R2,D5,ica,46%,15C,Observed,136
P17,H2,H,2,R2,D5,ica,46%,15C,Shannon,2.1099850427721214
P17,H3,H,3,R3,D5,ica,46%,15C,Observed,84
P17,H3,H,3,R3,D5,ica,46%,15C,Shannon,1.8640537655516818
P17,H4,H,4,R1,D5,nahant,46%,15C,Observed,56
P17,H4,H,4,R1,D5,nahant,46%,15C,Shannon,1.230178358739833
P17,H5,H,5,R2,D5,nahant,46%,15C,Observed,144
P17,H5,H,5,R2,D5,nahant,46%,15C,Shannon,1.936691600083018
P17,H6,H,6,R3,D5,nahant,46%,15C,Observed,51
P17,H6,H,6,R3,D5,nahant,46%,15C,Shannon,0.6526178229775634
P17,H7,H,7,R1,D5,charles,46%,15C,Observed,65
P17,H7,H,7,R1,D5,charles,46%,15C,Shannon,1.5227427654688133
P17,H8,H,8,R2,D5,charles,46%,15C,Observed,63
P17,H8,H,8,R2,D5,charles,46%,15C,Shannon,0.7722098347527557
P17,H9,H,9,R3,D5,charles,46%,15C,Observed,72
P17,H9,H,9,R3,D5,charles,46%,15C,Shannon,0.7924415627784788
